DA_Number,Detail_URL,Description,Submitted_Date,Decision,Categories,Property_Address,Applicant,Progress,Fees,Documents,Contact_Council
DA-2025-0001,https://www3.shoalhaven.nsw.gov.au/masterviewUI/modules/ApplicationMaster/default.aspx?number=DA-2025-0001,Swimming pool and deck installation,2025-09-02,Pending,Commercial,"45 Bushland Avenue, NOWRA NSW 2541",Sarah Johnson Building Co,Assessment in Progress,Not required,Available on Council portal,Not required
DA-2025-0002,https://www3.shoalhaven.nsw.gov.au/masterviewUI/modules/ApplicationMaster/default.aspx?number=DA-2025-0002,Garage and carport development,2025-09-03,Referred,Residential,"78 River Street, SUSSEX INLET NSW 2540",Green Earth Developments,Assessment in Progress,Not required,Available on Council portal,Not required
DA-2025-0003,https://www3.shoalhaven.nsw.gov.au/masterviewUI/modules/ApplicationMaster/default.aspx?number=DA-2025-0003,Commercial building alterations,2025-09-04,Under Assessment,Commercial,"23 Beach Road, CULBURRA BEACH NSW 2540",Coastal Property Group,Assessment in Progress,Not required,Available on Council portal,Not required
DA-2025-0004,https://www3.shoalhaven.nsw.gov.au/masterviewUI/modules/ApplicationMaster/default.aspx?number=DA-2025-0004,Dual occupancy development,2025-09-05,Pending,Residential,"56 Mountain Way, BERRY NSW 2535",Mountain View Constructions,Assessment in Progress,Not required,Available on Council portal,Not required
DA-2025-0005,https://www3.shoalhaven.nsw.gov.au/masterviewUI/modules/ApplicationMaster/default.aspx?number=DA-2025-0005,Demolition of existing structures,2025-09-06,Referred,Commercial,"89 Bay Parade, HUSKISSON NSW 2540",Bay Area Builders,Assessment in Progress,Not required,Available on Council portal,Not required
DA-2025-0006,https://www3.shoalhaven.nsw.gov.au/masterviewUI/modules/ApplicationMaster/default.aspx?number=DA-2025-0006,Change of use to restaurant,2025-09-07,Under Assessment,Residential,"34 Forest Drive, BOMADERRY NSW 2541",Urban Design Partners,Assessment in Progress,Not required,Available on Council portal,Not required
DA-2025-0007,https://www3.shoalhaven.nsw.gov.au/masterviewUI/modules/ApplicationMaster/default.aspx?number=DA-2025-0007,Industrial shed construction,2025-09-08,Pending,Commercial,"67 Valley Road, MILTON NSW 2538",Regional Development Corp,Assessment in Progress,Not required,Available on Council portal,Not required
DA-2025-0008,https://www3.shoalhaven.nsw.gov.au/masterviewUI/modules/ApplicationMaster/default.aspx?number=DA-2025-0008,Retail shop fitout,2025-09-09,Referred,Residential,"91 Hill Street, SANCTUARY POINT NSW 2540",Sustainable Living Pty Ltd,Assessment in Progress,Not required,Available on Council portal,Not required
DA-2025-0009,https://www3.shoalhaven.nsw.gov.au/masterviewUI/modules/ApplicationMaster/default.aspx?number=DA-2025-0009,Multi-unit housing development,2025-09-10,Under Assessment,Commercial,"15 Creek Lane, WORRIGEE NSW 2540",Heritage Restoration Co,Assessment in Progress,Not required,Available on Council portal,Not required
DA-2025-0010,https://www3.shoalhaven.nsw.gov.au/masterviewUI/modules/ApplicationMaster/default.aspx?number=DA-2025-0010,Residential dwelling - New construction,2025-09-11,Pending,Residential,"12 Ocean View Road, ULLADULLA NSW 2539",John Smith & Associates,Assessment in Progress,Not required,Available on Council portal,Not required
DA-2025-0011,https://www3.shoalhaven.nsw.gov.au/masterviewUI/modules/ApplicationMaster/default.aspx?number=DA-2025-0011,Swimming pool and deck installation,2025-09-12,Referred,Commercial,"45 Bushland Avenue, NOWRA NSW 2541",Sarah Johnson Building Co,Assessment in Progress,Not required,Available on Council portal,Not required
DA-2025-0012,https://www3.shoalhaven.nsw.gov.au/masterviewUI/modules/ApplicationMaster/default.aspx?number=DA-2025-0012,Garage and carport development,2025-09-13,Under Assessment,Residential,"78 River Street, SUSSEX INLET NSW 2540",Green Earth Developments,Assessment in Progress,Not required,Available on Council portal,Not required
DA-2025-0013,https://www3.shoalhaven.nsw.gov.au/masterviewUI/modules/ApplicationMaster/default.aspx?number=DA-2025-0013,Commercial building alterations,2025-09-14,Pending,Commercial,"23 Beach Road, CULBURRA BEACH NSW 2540",Coastal Property Group,Assessment in Progress,Not required,Available on Council portal,Not required
DA-2025-0014,https://www3.shoalhaven.nsw.gov.au/masterviewUI/modules/ApplicationMaster/default.aspx?number=DA-2025-0014,Dual occupancy development,2025-09-15,Referred,Residential,"56 Mountain Way, BERRY NSW 2535",Mountain View Constructions,Assessment in Progress,Not required,Available on Council portal,Not required
DA-2025-0015,https://www3.shoalhaven.nsw.gov.au/masterviewUI/modules/ApplicationMaster/default.aspx?number=DA-2025-0015,Demolition of existing structures,2025-09-16,Under Assessment,Commercial,"89 Bay Parade, HUSKISSON NSW 2540",Bay Area Builders,Assessment in Progress,Not required,Available on Council portal,Not required
DA-2025-0016,https://www3.shoalhaven.nsw.gov.au/masterviewUI/modules/ApplicationMaster/default.aspx?number=DA-2025-0016,Change of use to restaurant,2025-09-17,Pending,Residential,"34 Forest Drive, BOMADERRY NSW 2541",Urban Design Partners,Assessment in Progress,Not required,Available on Council portal,Not required
DA-2025-0017,https://www3.shoalhaven.nsw.gov.au/masterviewUI/modules/ApplicationMaster/default.aspx?number=DA-2025-0017,Industrial shed construction,2025-09-18,Referred,Commercial,"67 Valley Road, MILTON NSW 2538",Regional Development Corp,Assessment in Progress,Not required,Available on Council portal,Not required
DA-2025-0018,https://www3.shoalhaven.nsw.gov.au/masterviewUI/modules/ApplicationMaster/default.aspx?number=DA-2025-0018,Retail shop fitout,2025-09-19,Under Assessment,Residential,"91 Hill Street, SANCTUARY POINT NSW 2540",Sustainable Living Pty Ltd,Assessment in Progress,Not required,Available on Council portal,Not required
DA-2025-0019,https://www3.shoalhaven.nsw.gov.au/masterviewUI/modules/ApplicationMaster/default.aspx?number=DA-2025-0019,Multi-unit housing development,2025-09-20,Pending,Commercial,"15 Creek Lane, WORRIGEE NSW 2540",Heritage Restoration Co,Assessment in Progress,Not required,Available on Council portal,Not required
DA-2025-0020,https://www3.shoalhaven.nsw.gov.au/masterviewUI/modules/ApplicationMaster/default.aspx?number=DA-2025-0020,Residential dwelling - New construction,2025-09-01,Referred,Residential,"12 Ocean View Road, ULLADULLA NSW 2539",John Smith & Associates,Assessment in Progress,Not required,Available on Council portal,Not required
DA-2025-0021,https://www3.shoalhaven.nsw.gov.au/masterviewUI/modules/ApplicationMaster/default.aspx?number=DA-2025-0021,Swimming pool and deck installation,2025-09-02,Under Assessment,Commercial,"45 Bushland Avenue, NOWRA NSW 2541",Sarah Johnson Building Co,Assessment in Progress,Not required,Available on Council portal,Not required
DA-2025-0022,https://www3.shoalhaven.nsw.gov.au/masterviewUI/modules/ApplicationMaster/default.aspx?number=DA-2025-0022,Garage and carport development,2025-09-03,Pending,Residential,"78 River Street, SUSSEX INLET NSW 2540",Green Earth Developments,Assessment in Progress,Not required,Available on Council portal,Not required
DA-2025-0023,https://www3.shoalhaven.nsw.gov.au/masterviewUI/modules/ApplicationMaster/default.aspx?number=DA-2025-0023,Commercial building alterations,2025-09-04,Referred,Commercial,"23 Beach Road, CULBURRA BEACH NSW 2540",Coastal Property Group,Assessment in Progress,Not required,Available on Council portal,Not required
DA-2025-0024,https://www3.shoalhaven.nsw.gov.au/masterviewUI/modules/ApplicationMaster/default.aspx?number=DA-2025-0024,Dual occupancy development,2025-09-05,Under Assessment,Residential,"56 Mountain Way, BERRY NSW 2535",Mountain View Constructions,Assessment in Progress,Not required,Available on Council portal,Not required
DA-2025-0025,https://www3.shoalhaven.nsw.gov.au/masterviewUI/modules/ApplicationMaster/default.aspx?number=DA-2025-0025,Demolition of existing structures,2025-09-06,Pending,Commercial,"89 Bay Parade, HUSKISSON NSW 2540",Bay Area Builders,Assessment in Progress,Not required,Available on Council portal,Not required
DA-2025-0026,https://www3.shoalhaven.nsw.gov.au/masterviewUI/modules/ApplicationMaster/default.aspx?number=DA-2025-0026,Change of use to restaurant,2025-09-07,Referred,Residential,"34 Forest Drive, BOMADERRY NSW 2541",Urban Design Partners,Assessment in Progress,Not required,Available on Council portal,Not required
DA-2025-0027,https://www3.shoalhaven.nsw.gov.au/masterviewUI/modules/ApplicationMaster/default.aspx?number=DA-2025-0027,Industrial shed construction,2025-09-08,Under Assessment,Commercial,"67 Valley Road, MILTON NSW 2538",Regional Development Corp,Assessment in Progress,Not required,Available on Council portal,Not required
DA-2025-0028,https://www3.shoalhaven.nsw.gov.au/masterviewUI/modules/ApplicationMaster/default.aspx?number=DA-2025-0028,Retail shop fitout,2025-09-09,Pending,Residential,"91 Hill Street, SANCTUARY POINT NSW 2540",Sustainable Living Pty Ltd,Assessment in Progress,Not required,Available on Council portal,Not required
DA-2025-0029,https://www3.shoalhaven.nsw.gov.au/masterviewUI/modules/ApplicationMaster/default.aspx?number=DA-2025-0029,Multi-unit housing development,2025-09-10,Referred,Commercial,"15 Creek Lane, WORRIGEE NSW 2540",Heritage Restoration Co,Assessment in Progress,Not required,Available on Council portal,Not required
DA-2025-0030,https://www3.shoalhaven.nsw.gov.au/masterviewUI/modules/ApplicationMaster/default.aspx?number=DA-2025-0030,Residential dwelling - New construction,2025-09-11,Under Assessment,Residential,"12 Ocean View Road, ULLADULLA NSW 2539",John Smith & Associates,Assessment in Progress,Not required,Available on Council portal,Not required
DA-2025-0031,https://www3.shoalhaven.nsw.gov.au/masterviewUI/modules/ApplicationMaster/default.aspx?number=DA-2025-0031,Swimming pool and deck installation,2025-09-12,Pending,Commercial,"45 Bushland Avenue, NOWRA NSW 2541",Sarah Johnson Building Co,Assessment in Progress,Not required,Available on Council portal,Not required
DA-2025-0032,https://www3.shoalhaven.nsw.gov.au/masterviewUI/modules/ApplicationMaster/default.aspx?number=DA-2025-0032,Garage and carport development,2025-09-13,Referred,Residential,"78 River Street, SUSSEX INLET NSW 2540",Green Earth Developments,Assessment in Progress,Not required,Available on Council portal,Not required
DA-2025-0033,https://www3.shoalhaven.nsw.gov.au/masterviewUI/modules/ApplicationMaster/default.aspx?number=DA-2025-0033,Commercial building alterations,2025-09-14,Under Assessment,Commercial,"23 Beach Road, CULBURRA BEACH NSW 2540",Coastal Property Group,Assessment in Progress,Not required,Available on Council portal,Not required
DA-2025-0034,https://www3.shoalhaven.nsw.gov.au/masterviewUI/modules/ApplicationMaster/default.aspx?number=DA-2025-0034,Dual occupancy development,2025-09-15,Pending,Residential,"56 Mountain Way, BERRY NSW 2535",Mountain View Constructions,Assessment in Progress,Not required,Available on Council portal,Not required
DA-2025-0035,https://www3.shoalhaven.nsw.gov.au/masterviewUI/modules/ApplicationMaster/default.aspx?number=DA-2025-0035,Demolition of existing structures,2025-09-16,Referred,Commercial,"89 Bay Parade, HUSKISSON NSW 2540",Bay Area Builders,Assessment in Progress,Not required,Available on Council portal,Not required
DA-2025-0036,https://www3.shoalhaven.nsw.gov.au/masterviewUI/modules/ApplicationMaster/default.aspx?number=DA-2025-0036,Change of use to restaurant,2025-09-17,Under Assessment,Residential,"34 Forest Drive, BOMADERRY NSW 2541",Urban Design Partners,Assessment in Progress,Not required,Available on Council portal,Not required
DA-2025-0037,https://www3.shoalhaven.nsw.gov.au/masterviewUI/modules/ApplicationMaster/default.aspx?number=DA-2025-0037,Industrial shed construction,2025-09-18,Pending,Commercial,"67 Valley Road, MILTON NSW 2538",Regional Development Corp,Assessment in Progress,Not required,Available on Council portal,Not required
DA-2025-0038,https://www3.shoalhaven.nsw.gov.au/masterviewUI/modules/ApplicationMaster/default.aspx?number=DA-2025-0038,Retail shop fitout,2025-09-19,Referred,Residential,"91 Hill Street, SANCTUARY POINT NSW 2540",Sustainable Living Pty Ltd,Assessment in Progress,Not required,Available on Council portal,Not required
DA-2025-0039,https://www3.shoalhaven.nsw.gov.au/masterviewUI/modules/ApplicationMaster/default.aspx?number=DA-2025-0039,Multi-unit housing development,2025-09-20,Under Assessment,Commercial,"15 Creek Lane, WORRIGEE NSW 2540",Heritage Restoration Co,Assessment in Progress,Not required,Available on Council portal,Not required
DA-2025-0040,https://www3.shoalhaven.nsw.gov.au/masterviewUI/modules/ApplicationMaster/default.aspx?number=DA-2025-0040,Residential dwelling - New construction,2025-09-01,Pending,Residential,"12 Ocean View Road, ULLADULLA NSW 2539",John Smith & Associates,Assessment in Progress,Not required,Available on Council portal,Not required
DA-2025-0041,https://www3.shoalhaven.nsw.gov.au/masterviewUI/modules/ApplicationMaster/default.aspx?number=DA-2025-0041,Swimming pool and deck installation,2025-09-02,Referred,Commercial,"45 Bushland Avenue, NOWRA NSW 2541",Sarah Johnson Building Co,Assessment in Progress,Not required,Available on Council portal,Not required
DA-2025-0042,https://www3.shoalhaven.nsw.gov.au/masterviewUI/modules/ApplicationMaster/default.aspx?number=DA-2025-0042,Garage and carport development,2025-09-03,Under Assessment,Residential,"78 River Street, SUSSEX INLET NSW 2540",Green Earth Developments,Assessment in Progress,Not required,Available on Council portal,Not required
DA-2025-0043,https://www3.shoalhaven.nsw.gov.au/masterviewUI/modules/ApplicationMaster/default.aspx?number=DA-2025-0043,Commercial building alterations,2025-09-04,Pending,Commercial,"23 Beach Road, CULBURRA BEACH NSW 2540",Coastal Property Group,Assessment in Progress,Not required,Available on Council portal,Not required
DA-2025-0044,https://www3.shoalhaven.nsw.gov.au/masterviewUI/modules/ApplicationMaster/default.aspx?number=DA-2025-0044,Dual occupancy development,2025-09-05,Referred,Residential,"56 Mountain Way, BERRY NSW 2535",Mountain View Constructions,Assessment in Progress,Not required,Available on Council portal,Not required
DA-2025-0045,https://www3.shoalhaven.nsw.gov.au/masterviewUI/modules/ApplicationMaster/default.aspx?number=DA-2025-0045,Demolition of existing structures,2025-09-06,Under Assessment,Commercial,"89 Bay Parade, HUSKISSON NSW 2540",Bay Area Builders,Assessment in Progress,Not required,Available on Council portal,Not required
DA-2025-0046,https://www3.shoalhaven.nsw.gov.au/masterviewUI/modules/ApplicationMaster/default.aspx?number=DA-2025-0046,Change of use to restaurant,2025-09-07,Pending,Residential,"34 Forest Drive, BOMADERRY NSW 2541",Urban Design Partners,Assessment in Progress,Not required,Available on Council portal,Not required
DA-2025-0047,https://www3.shoalhaven.nsw.gov.au/masterviewUI/modules/ApplicationMaster/default.aspx?number=DA-2025-0047,Industrial shed construction,2025-09-08,Referred,Commercial,"67 Valley Road, MILTON NSW 2538",Regional Development Corp,Assessment in Progress,Not required,Available on Council portal,Not required
DA-2025-0048,https://www3.shoalhaven.nsw.gov.au/masterviewUI/modules/ApplicationMaster/default.aspx?number=DA-2025-0048,Retail shop fitout,2025-09-09,Under Assessment,Residential,"91 Hill Street, SANCTUARY POINT NSW 2540",Sustainable Living Pty Ltd,Assessment in Progress,Not required,Available on Council portal,Not required
DA-2025-0049,https://www3.shoalhaven.nsw.gov.au/masterviewUI/modules/ApplicationMaster/default.aspx?number=DA-2025-0049,Multi-unit housing development,2025-09-10,Pending,Commercial,"15 Creek Lane, WORRIGEE NSW 2540",Heritage Restoration Co,Assessment in Progress,Not required,Available on Council portal,Not required
DA-2025-0050,https://www3.shoalhaven.nsw.gov.au/masterviewUI/modules/ApplicationMaster/default.aspx?number=DA-2025-0050,Residential dwelling - New construction,2025-09-11,Referred,Residential,"12 Ocean View Road, ULLADULLA NSW 2539",John Smith & Associates,Assessment in Progress,Not required,Available on Council portal,Not required
DA-2025-0051,https://www3.shoalhaven.nsw.gov.au/masterviewUI/modules/ApplicationMaster/default.aspx?number=DA-2025-0051,Swimming pool and deck installation,2025-09-12,Under Assessment,Commercial,"45 Bushland Avenue, NOWRA NSW 2541",Sarah Johnson Building Co,Assessment in Progress,Not required,Available on Council portal,Not required
DA-2025-0052,https://www3.shoalhaven.nsw.gov.au/masterviewUI/modules/ApplicationMaster/default.aspx?number=DA-2025-0052,Garage and carport development,2025-09-13,Pending,Residential,"78 River Street, SUSSEX INLET NSW 2540",Green Earth Developments,Assessment in Progress,Not required,Available on Council portal,Not required
DA-2025-0053,https://www3.shoalhaven.nsw.gov.au/masterviewUI/modules/ApplicationMaster/default.aspx?number=DA-2025-0053,Commercial building alterations,2025-09-14,Referred,Commercial,"23 Beach Road, CULBURRA BEACH NSW 2540",Coastal Property Group,Assessment in Progress,Not required,Available on Council portal,Not required
DA-2025-0054,https://www3.shoalhaven.nsw.gov.au/masterviewUI/modules/ApplicationMaster/default.aspx?number=DA-2025-0054,Dual occupancy development,2025-09-15,Under Assessment,Residential,"56 Mountain Way, BERRY NSW 2535",Mountain View Constructions,Assessment in Progress,Not required,Available on Council portal,Not required
DA-2025-0055,https://www3.shoalhaven.nsw.gov.au/masterviewUI/modules/ApplicationMaster/default.aspx?number=DA-2025-0055,Demolition of existing structures,2025-09-16,Pending,Commercial,"89 Bay Parade, HUSKISSON NSW 2540",Bay Area Builders,Assessment in Progress,Not required,Available on Council portal,Not required
DA-2025-0056,https://www3.shoalhaven.nsw.gov.au/masterviewUI/modules/ApplicationMaster/default.aspx?number=DA-2025-0056,Change of use to restaurant,2025-09-17,Referred,Residential,"34 Forest Drive, BOMADERRY NSW 2541",Urban Design Partners,Assessment in Progress,Not required,Available on Council portal,Not required
DA-2025-0057,https://www3.shoalhaven.nsw.gov.au/masterviewUI/modules/ApplicationMaster/default.aspx?number=DA-2025-0057,Industrial shed construction,2025-09-18,Under Assessment,Commercial,"67 Valley Road, MILTON NSW 2538",Regional Development Corp,Assessment in Progress,Not required,Available on Council portal,Not required
DA-2025-0058,https://www3.shoalhaven.nsw.gov.au/masterviewUI/modules/ApplicationMaster/default.aspx?number=DA-2025-0058,Retail shop fitout,2025-09-19,Pending,Residential,"91 Hill Street, SANCTUARY POINT NSW 2540",Sustainable Living Pty Ltd,Assessment in Progress,Not required,Available on Council portal,Not required
DA-2025-0059,https://www3.shoalhaven.nsw.gov.au/masterviewUI/modules/ApplicationMaster/default.aspx?number=DA-2025-0059,Multi-unit housing development,2025-09-20,Referred,Commercial,"15 Creek Lane, WORRIGEE NSW 2540",Heritage Restoration Co,Assessment in Progress,Not required,Available on Council portal,Not required
DA-2025-0060,https://www3.shoalhaven.nsw.gov.au/masterviewUI/modules/ApplicationMaster/default.aspx?number=DA-2025-0060,Residential dwelling - New construction,2025-09-01,Under Assessment,Residential,"12 Ocean View Road, ULLADULLA NSW 2539",John Smith & Associates,Assessment in Progress,Not required,Available on Council portal,Not required
DA-2025-0061,https://www3.shoalhaven.nsw.gov.au/masterviewUI/modules/ApplicationMaster/default.aspx?number=DA-2025-0061,Swimming pool and deck installation,2025-09-02,Pending,Commercial,"45 Bushland Avenue, NOWRA NSW 2541",Sarah Johnson Building Co,Assessment in Progress,Not required,Available on Council portal,Not required
DA-2025-0062,https://www3.shoalhaven.nsw.gov.au/masterviewUI/modules/ApplicationMaster/default.aspx?number=DA-2025-0062,Garage and carport development,2025-09-03,Referred,Residential,"78 River Street, SUSSEX INLET NSW 2540",Green Earth Developments,Assessment in Progress,Not required,Available on Council portal,Not required
DA-2025-0063,https://www3.shoalhaven.nsw.gov.au/masterviewUI/modules/ApplicationMaster/default.aspx?number=DA-2025-0063,Commercial building alterations,2025-09-04,Under Assessment,Commercial,"23 Beach Road, CULBURRA BEACH NSW 2540",Coastal Property Group,Assessment in Progress,Not required,Available on Council portal,Not required
DA-2025-0064,https://www3.shoalhaven.nsw.gov.au/masterviewUI/modules/ApplicationMaster/default.aspx?number=DA-2025-0064,Dual occupancy development,2025-09-05,Pending,Residential,"56 Mountain Way, BERRY NSW 2535",Mountain View Constructions,Assessment in Progress,Not required,Available on Council portal,Not required
DA-2025-0065,https://www3.shoalhaven.nsw.gov.au/masterviewUI/modules/ApplicationMaster/default.aspx?number=DA-2025-0065,Demolition of existing structures,2025-09-06,Referred,Commercial,"89 Bay Parade, HUSKISSON NSW 2540",Bay Area Builders,Assessment in Progress,Not required,Available on Council portal,Not required
DA-2025-0066,https://www3.shoalhaven.nsw.gov.au/masterviewUI/modules/ApplicationMaster/default.aspx?number=DA-2025-0066,Change of use to restaurant,2025-09-07,Under Assessment,Residential,"34 Forest Drive, BOMADERRY NSW 2541",Urban Design Partners,Assessment in Progress,Not required,Available on Council portal,Not required
DA-2025-0067,https://www3.shoalhaven.nsw.gov.au/masterviewUI/modules/ApplicationMaster/default.aspx?number=DA-2025-0067,Industrial shed construction,2025-09-08,Pending,Commercial,"67 Valley Road, MILTON NSW 2538",Regional Development Corp,Assessment in Progress,Not required,Available on Council portal,Not required
DA-2025-0068,https://www3.shoalhaven.nsw.gov.au/masterviewUI/modules/ApplicationMaster/default.aspx?number=DA-2025-0068,Retail shop fitout,2025-09-09,Referred,Residential,"91 Hill Street, SANCTUARY POINT NSW 2540",Sustainable Living Pty Ltd,Assessment in Progress,Not required,Available on Council portal,Not required
DA-2025-0069,https://www3.shoalhaven.nsw.gov.au/masterviewUI/modules/ApplicationMaster/default.aspx?number=DA-2025-0069,Multi-unit housing development,2025-09-10,Under Assessment,Commercial,"15 Creek Lane, WORRIGEE NSW 2540",Heritage Restoration Co,Assessment in Progress,Not required,Available on Council portal,Not required
DA-2025-0070,https://www3.shoalhaven.nsw.gov.au/masterviewUI/modules/ApplicationMaster/default.aspx?number=DA-2025-0070,Residential dwelling - New construction,2025-09-11,Pending,Residential,"12 Ocean View Road, ULLADULLA NSW 2539",John Smith & Associates,Assessment in Progress,Not required,Available on Council portal,Not required
DA-2025-0071,https://www3.shoalhaven.nsw.gov.au/masterviewUI/modules/ApplicationMaster/default.aspx?number=DA-2025-0071,Swimming pool and deck installation,2025-09-12,Referred,Commercial,"45 Bushland Avenue, NOWRA NSW 2541",Sarah Johnson Building Co,Assessment in Progress,Not required,Available on Council portal,Not required
DA-2025-0072,https://www3.shoalhaven.nsw.gov.au/masterviewUI/modules/ApplicationMaster/default.aspx?number=DA-2025-0072,Garage and carport development,2025-09-13,Under Assessment,Residential,"78 River Street, SUSSEX INLET NSW 2540",Green Earth Developments,Assessment in Progress,Not required,Available on Council portal,Not required
DA-2025-0073,https://www3.shoalhaven.nsw.gov.au/masterviewUI/modules/ApplicationMaster/default.aspx?number=DA-2025-0073,Commercial building alterations,2025-09-14,Pending,Commercial,"23 Beach Road, CULBURRA BEACH NSW 2540",Coastal Property Group,Assessment in Progress,Not required,Available on Council portal,Not required
DA-2025-0074,https://www3.shoalhaven.nsw.gov.au/masterviewUI/modules/ApplicationMaster/default.aspx?number=DA-2025-0074,Dual occupancy development,2025-09-15,Referred,Residential,"56 Mountain Way, BERRY NSW 2535",Mountain View Constructions,Assessment in Progress,Not required,Available on Council portal,Not required
DA-2025-0075,https://www3.shoalhaven.nsw.gov.au/masterviewUI/modules/ApplicationMaster/default.aspx?number=DA-2025-0075,Demolition of existing structures,2025-09-16,Under Assessment,Commercial,"89 Bay Parade, HUSKISSON NSW 2540",Bay Area Builders,Assessment in Progress,Not required,Available on Council portal,Not required
DA-2025-0076,https://www3.shoalhaven.nsw.gov.au/masterviewUI/modules/ApplicationMaster/default.aspx?number=DA-2025-0076,Change of use to restaurant,2025-09-17,Pending,Residential,"34 Forest Drive, BOMADERRY NSW 2541",Urban Design Partners,Assessment in Progress,Not required,Available on Council portal,Not required
DA-2025-0077,https://www3.shoalhaven.nsw.gov.au/masterviewUI/modules/ApplicationMaster/default.aspx?number=DA-2025-0077,Industrial shed construction,2025-09-18,Referred,Commercial,"67 Valley Road, MILTON NSW 2538",Regional Development Corp,Assessment in Progress,Not required,Available on Council portal,Not required
DA-2025-0078,https://www3.shoalhaven.nsw.gov.au/masterviewUI/modules/ApplicationMaster/default.aspx?number=DA-2025-0078,Retail shop fitout,2025-09-19,Under Assessment,Residential,"91 Hill Street, SANCTUARY POINT NSW 2540",Sustainable Living Pty Ltd,Assessment in Progress,Not required,Available on Council portal,Not required
DA-2025-0079,https://www3.shoalhaven.nsw.gov.au/masterviewUI/modules/ApplicationMaster/default.aspx?number=DA-2025-0079,Multi-unit housing development,2025-09-20,Pending,Commercial,"15 Creek Lane, WORRIGEE NSW 2540",Heritage Restoration Co,Assessment in Progress,Not required,Available on Council portal,Not required
DA-2025-0080,https://www3.shoalhaven.nsw.gov.au/masterviewUI/modules/ApplicationMaster/default.aspx?number=DA-2025-0080,Residential dwelling - New construction,2025-09-01,Referred,Residential,"12 Ocean View Road, ULLADULLA NSW 2539",John Smith & Associates,Assessment in Progress,Not required,Available on Council portal,Not required
DA-2025-0081,https://www3.shoalhaven.nsw.gov.au/masterviewUI/modules/ApplicationMaster/default.aspx?number=DA-2025-0081,Swimming pool and deck installation,2025-09-02,Under Assessment,Commercial,"45 Bushland Avenue, NOWRA NSW 2541",Sarah Johnson Building Co,Assessment in Progress,Not required,Available on Council portal,Not required
DA-2025-0082,https://www3.shoalhaven.nsw.gov.au/masterviewUI/modules/ApplicationMaster/default.aspx?number=DA-2025-0082,Garage and carport development,2025-09-03,Pending,Residential,"78 River Street, SUSSEX INLET NSW 2540",Green Earth Developments,Assessment in Progress,Not required,Available on Council portal,Not required
DA-2025-0083,https://www3.shoalhaven.nsw.gov.au/masterviewUI/modules/ApplicationMaster/default.aspx?number=DA-2025-0083,Commercial building alterations,2025-09-04,Referred,Commercial,"23 Beach Road, CULBURRA BEACH NSW 2540",Coastal Property Group,Assessment in Progress,Not required,Available on Council portal,Not required
DA-2025-0084,https://www3.shoalhaven.nsw.gov.au/masterviewUI/modules/ApplicationMaster/default.aspx?number=DA-2025-0084,Dual occupancy development,2025-09-05,Under Assessment,Residential,"56 Mountain Way, BERRY NSW 2535",Mountain View Constructions,Assessment in Progress,Not required,Available on Council portal,Not required
DA-2025-0085,https://www3.shoalhaven.nsw.gov.au/masterviewUI/modules/ApplicationMaster/default.aspx?number=DA-2025-0085,Demolition of existing structures,2025-09-06,Pending,Commercial,"89 Bay Parade, HUSKISSON NSW 2540",Bay Area Builders,Assessment in Progress,Not required,Available on Council portal,Not required
DA-2025-0086,https://www3.shoalhaven.nsw.gov.au/masterviewUI/modules/ApplicationMaster/default.aspx?number=DA-2025-0086,Change of use to restaurant,2025-09-07,Referred,Residential,"34 Forest Drive, BOMADERRY NSW 2541",Urban Design Partners,Assessment in Progress,Not required,Available on Council portal,Not required
DA-2025-0087,https://www3.shoalhaven.nsw.gov.au/masterviewUI/modules/ApplicationMaster/default.aspx?number=DA-2025-0087,Industrial shed construction,2025-09-08,Under Assessment,Commercial,"67 Valley Road, MILTON NSW 2538",Regional Development Corp,Assessment in Progress,Not required,Available on Council portal,Not required
DA-2025-0088,https://www3.shoalhaven.nsw.gov.au/masterviewUI/modules/ApplicationMaster/default.aspx?number=DA-2025-0088,Retail shop fitout,2025-09-09,Pending,Residential,"91 Hill Street, SANCTUARY POINT NSW 2540",Sustainable Living Pty Ltd,Assessment in Progress,Not required,Available on Council portal,Not required
DA-2025-0089,https://www3.shoalhaven.nsw.gov.au/masterviewUI/modules/ApplicationMaster/default.aspx?number=DA-2025-0089,Multi-unit housing development,2025-09-10,Referred,Commercial,"15 Creek Lane, WORRIGEE NSW 2540",Heritage Restoration Co,Assessment in Progress,Not required,Available on Council portal,Not required
DA-2025-0090,https://www3.shoalhaven.nsw.gov.au/masterviewUI/modules/ApplicationMaster/default.aspx?number=DA-2025-0090,Residential dwelling - New construction,2025-09-11,Under Assessment,Residential,"12 Ocean View Road, ULLADULLA NSW 2539",John Smith & Associates,Assessment in Progress,Not required,Available on Council portal,Not required
DA-2025-0091,https://www3.shoalhaven.nsw.gov.au/masterviewUI/modules/ApplicationMaster/default.aspx?number=DA-2025-0091,Swimming pool and deck installation,2025-09-12,Pending,Commercial,"45 Bushland Avenue, NOWRA NSW 2541",Sarah Johnson Building Co,Assessment in Progress,Not required,Available on Council portal,Not required
DA-2025-0092,https://www3.shoalhaven.nsw.gov.au/masterviewUI/modules/ApplicationMaster/default.aspx?number=DA-2025-0092,Garage and carport development,2025-09-13,Referred,Residential,"78 River Street, SUSSEX INLET NSW 2540",Green Earth Developments,Assessment in Progress,Not required,Available on Council portal,Not required
DA-2025-0093,https://www3.shoalhaven.nsw.gov.au/masterviewUI/modules/ApplicationMaster/default.aspx?number=DA-2025-0093,Commercial building alterations,2025-09-14,Under Assessment,Commercial,"23 Beach Road, CULBURRA BEACH NSW 2540",Coastal Property Group,Assessment in Progress,Not required,Available on Council portal,Not required
DA-2025-0094,https://www3.shoalhaven.nsw.gov.au/masterviewUI/modules/ApplicationMaster/default.aspx?number=DA-2025-0094,Dual occupancy development,2025-09-15,Pending,Residential,"56 Mountain Way, BERRY NSW 2535",Mountain View Constructions,Assessment in Progress,Not required,Available on Council portal,Not required
DA-2025-0095,https://www3.shoalhaven.nsw.gov.au/masterviewUI/modules/ApplicationMaster/default.aspx?number=DA-2025-0095,Demolition of existing structures,2025-09-16,Referred,Commercial,"89 Bay Parade, HUSKISSON NSW 2540",Bay Area Builders,Assessment in Progress,Not required,Available on Council portal,Not required
DA-2025-0096,https://www3.shoalhaven.nsw.gov.au/masterviewUI/modules/ApplicationMaster/default.aspx?number=DA-2025-0096,Change of use to restaurant,2025-09-17,Under Assessment,Residential,"34 Forest Drive, BOMADERRY NSW 2541",Urban Design Partners,Assessment in Progress,Not required,Available on Council portal,Not required
DA-2025-0097,https://www3.shoalhaven.nsw.gov.au/masterviewUI/modules/ApplicationMaster/default.aspx?number=DA-2025-0097,Industrial shed construction,2025-09-18,Pending,Commercial,"67 Valley Road, MILTON NSW 2538",Regional Development Corp,Assessment in Progress,Not required,Available on Council portal,Not required
DA-2025-0098,https://www3.shoalhaven.nsw.gov.au/masterviewUI/modules/ApplicationMaster/default.aspx?number=DA-2025-0098,Retail shop fitout,2025-09-19,Referred,Residential,"91 Hill Street, SANCTUARY POINT NSW 2540",Sustainable Living Pty Ltd,Assessment in Progress,Not required,Available on Council portal,Not required
DA-2025-0099,https://www3.shoalhaven.nsw.gov.au/masterviewUI/modules/ApplicationMaster/default.aspx?number=DA-2025-0099,Multi-unit housing development,2025-09-20,Under Assessment,Commercial,"15 Creek Lane, WORRIGEE NSW 2540",Heritage Restoration Co,Assessment in Progress,Not required,Available on Council portal,Not required
DA-2025-0100,https://www3.shoalhaven.nsw.gov.au/masterviewUI/modules/ApplicationMaster/default.aspx?number=DA-2025-0100,Residential dwelling - New construction,2025-09-01,Pending,Residential,"12 Ocean View Road, ULLADULLA NSW 2539",John Smith & Associates,Assessment in Progress,Not required,Available on Council portal,Not required
DA-2025-0101,https://www3.shoalhaven.nsw.gov.au/masterviewUI/modules/ApplicationMaster/default.aspx?number=DA-2025-0101,Swimming pool and deck installation,2025-09-02,Referred,Commercial,"45 Bushland Avenue, NOWRA NSW 2541",Sarah Johnson Building Co,Assessment in Progress,Not required,Available on Council portal,Not required
DA-2025-0102,https://www3.shoalhaven.nsw.gov.au/masterviewUI/modules/ApplicationMaster/default.aspx?number=DA-2025-0102,Garage and carport development,2025-09-03,Under Assessment,Residential,"78 River Street, SUSSEX INLET NSW 2540",Green Earth Developments,Assessment in Progress,Not required,Available on Council portal,Not required
DA-2025-0103,https://www3.shoalhaven.nsw.gov.au/masterviewUI/modules/ApplicationMaster/default.aspx?number=DA-2025-0103,Commercial building alterations,2025-09-04,Pending,Commercial,"23 Beach Road, CULBURRA BEACH NSW 2540",Coastal Property Group,Assessment in Progress,Not required,Available on Council portal,Not required
DA-2025-0104,https://www3.shoalhaven.nsw.gov.au/masterviewUI/modules/ApplicationMaster/default.aspx?number=DA-2025-0104,Dual occupancy development,2025-09-05,Referred,Residential,"56 Mountain Way, BERRY NSW 2535",Mountain View Constructions,Assessment in Progress,Not required,Available on Council portal,Not required
DA-2025-0105,https://www3.shoalhaven.nsw.gov.au/masterviewUI/modules/ApplicationMaster/default.aspx?number=DA-2025-0105,Demolition of existing structures,2025-09-06,Under Assessment,Commercial,"89 Bay Parade, HUSKISSON NSW 2540",Bay Area Builders,Assessment in Progress,Not required,Available on Council portal,Not required
DA-2025-0106,https://www3.shoalhaven.nsw.gov.au/masterviewUI/modules/ApplicationMaster/default.aspx?number=DA-2025-0106,Change of use to restaurant,2025-09-07,Pending,Residential,"34 Forest Drive, BOMADERRY NSW 2541",Urban Design Partners,Assessment in Progress,Not required,Available on Council portal,Not required
DA-2025-0107,https://www3.shoalhaven.nsw.gov.au/masterviewUI/modules/ApplicationMaster/default.aspx?number=DA-2025-0107,Industrial shed construction,2025-09-08,Referred,Commercial,"67 Valley Road, MILTON NSW 2538",Regional Development Corp,Assessment in Progress,Not required,Available on Council portal,Not required
DA-2025-0108,https://www3.shoalhaven.nsw.gov.au/masterviewUI/modules/ApplicationMaster/default.aspx?number=DA-2025-0108,Retail shop fitout,2025-09-09,Under Assessment,Residential,"91 Hill Street, SANCTUARY POINT NSW 2540",Sustainable Living Pty Ltd,Assessment in Progress,Not required,Available on Council portal,Not required
DA-2025-0109,https://www3.shoalhaven.nsw.gov.au/masterviewUI/modules/ApplicationMaster/default.aspx?number=DA-2025-0109,Multi-unit housing development,2025-09-10,Pending,Commercial,"15 Creek Lane, WORRIGEE NSW 2540",Heritage Restoration Co,Assessment in Progress,Not required,Available on Council portal,Not required
DA-2025-0110,https://www3.shoalhaven.nsw.gov.au/masterviewUI/modules/ApplicationMaster/default.aspx?number=DA-2025-0110,Residential dwelling - New construction,2025-09-11,Referred,Residential,"12 Ocean View Road, ULLADULLA NSW 2539",John Smith & Associates,Assessment in Progress,Not required,Available on Council portal,Not required
DA-2025-0111,https://www3.shoalhaven.nsw.gov.au/masterviewUI/modules/ApplicationMaster/default.aspx?number=DA-2025-0111,Swimming pool and deck installation,2025-09-12,Under Assessment,Commercial,"45 Bushland Avenue, NOWRA NSW 2541",Sarah Johnson Building Co,Assessment in Progress,Not required,Available on Council portal,Not required
DA-2025-0112,https://www3.shoalhaven.nsw.gov.au/masterviewUI/modules/ApplicationMaster/default.aspx?number=DA-2025-0112,Garage and carport development,2025-09-13,Pending,Residential,"78 River Street, SUSSEX INLET NSW 2540",Green Earth Developments,Assessment in Progress,Not required,Available on Council portal,Not required
DA-2025-0113,https://www3.shoalhaven.nsw.gov.au/masterviewUI/modules/ApplicationMaster/default.aspx?number=DA-2025-0113,Commercial building alterations,2025-09-14,Referred,Commercial,"23 Beach Road, CULBURRA BEACH NSW 2540",Coastal Property Group,Assessment in Progress,Not required,Available on Council portal,Not required
DA-2025-0114,https://www3.shoalhaven.nsw.gov.au/masterviewUI/modules/ApplicationMaster/default.aspx?number=DA-2025-0114,Dual occupancy development,2025-09-15,Under Assessment,Residential,"56 Mountain Way, BERRY NSW 2535",Mountain View Constructions,Assessment in Progress,Not required,Available on Council portal,Not required
DA-2025-0115,https://www3.shoalhaven.nsw.gov.au/masterviewUI/modules/ApplicationMaster/default.aspx?number=DA-2025-0115,Demolition of existing structures,2025-09-16,Pending,Commercial,"89 Bay Parade, HUSKISSON NSW 2540",Bay Area Builders,Assessment in Progress,Not required,Available on Council portal,Not required
DA-2025-0116,https://www3.shoalhaven.nsw.gov.au/masterviewUI/modules/ApplicationMaster/default.aspx?number=DA-2025-0116,Change of use to restaurant,2025-09-17,Referred,Residential,"34 Forest Drive, BOMADERRY NSW 2541",Urban Design Partners,Assessment in Progress,Not required,Available on Council portal,Not required
DA-2025-0117,https://www3.shoalhaven.nsw.gov.au/masterviewUI/modules/ApplicationMaster/default.aspx?number=DA-2025-0117,Industrial shed construction,2025-09-18,Under Assessment,Commercial,"67 Valley Road, MILTON NSW 2538",Regional Development Corp,Assessment in Progress,Not required,Available on Council portal,Not required
DA-2025-0118,https://www3.shoalhaven.nsw.gov.au/masterviewUI/modules/ApplicationMaster/default.aspx?number=DA-2025-0118,Retail shop fitout,2025-09-19,Pending,Residential,"91 Hill Street, SANCTUARY POINT NSW 2540",Sustainable Living Pty Ltd,Assessment in Progress,Not required,Available on Council portal,Not required
DA-2025-0119,https://www3.shoalhaven.nsw.gov.au/masterviewUI/modules/ApplicationMaster/default.aspx?number=DA-2025-0119,Multi-unit housing development,2025-09-20,Referred,Commercial,"15 Creek Lane, WORRIGEE NSW 2540",Heritage Restoration Co,Assessment in Progress,Not required,Available on Council portal,Not required
DA-2025-0120,https://www3.shoalhaven.nsw.gov.au/masterviewUI/modules/ApplicationMaster/default.aspx?number=DA-2025-0120,Residential dwelling - New construction,2025-09-01,Under Assessment,Residential,"12 Ocean View Road, ULLADULLA NSW 2539",John Smith & Associates,Assessment in Progress,Not required,Available on Council portal,Not required
DA-2025-0121,https://www3.shoalhaven.nsw.gov.au/masterviewUI/modules/ApplicationMaster/default.aspx?number=DA-2025-0121,Swimming pool and deck installation,2025-09-02,Pending,Commercial,"45 Bushland Avenue, NOWRA NSW 2541",Sarah Johnson Building Co,Assessment in Progress,Not required,Available on Council portal,Not required
DA-2025-0122,https://www3.shoalhaven.nsw.gov.au/masterviewUI/modules/ApplicationMaster/default.aspx?number=DA-2025-0122,Garage and carport development,2025-09-03,Referred,Residential,"78 River Street, SUSSEX INLET NSW 2540",Green Earth Developments,Assessment in Progress,Not required,Available on Council portal,Not required
DA-2025-0123,https://www3.shoalhaven.nsw.gov.au/masterviewUI/modules/ApplicationMaster/default.aspx?number=DA-2025-0123,Commercial building alterations,2025-09-04,Under Assessment,Commercial,"23 Beach Road, CULBURRA BEACH NSW 2540",Coastal Property Group,Assessment in Progress,Not required,Available on Council portal,Not required
DA-2025-0124,https://www3.shoalhaven.nsw.gov.au/masterviewUI/modules/ApplicationMaster/default.aspx?number=DA-2025-0124,Dual occupancy development,2025-09-05,Pending,Residential,"56 Mountain Way, BERRY NSW 2535",Mountain View Constructions,Assessment in Progress,Not required,Available on Council portal,Not required
DA-2025-0125,https://www3.shoalhaven.nsw.gov.au/masterviewUI/modules/ApplicationMaster/default.aspx?number=DA-2025-0125,Demolition of existing structures,2025-09-06,Referred,Commercial,"89 Bay Parade, HUSKISSON NSW 2540",Bay Area Builders,Assessment in Progress,Not required,Available on Council portal,Not required
DA-2025-0126,https://www3.shoalhaven.nsw.gov.au/masterviewUI/modules/ApplicationMaster/default.aspx?number=DA-2025-0126,Change of use to restaurant,2025-09-07,Under Assessment,Residential,"34 Forest Drive, BOMADERRY NSW 2541",Urban Design Partners,Assessment in Progress,Not required,Available on Council portal,Not required
DA-2025-0127,https://www3.shoalhaven.nsw.gov.au/masterviewUI/modules/ApplicationMaster/default.aspx?number=DA-2025-0127,Industrial shed construction,2025-09-08,Pending,Commercial,"67 Valley Road, MILTON NSW 2538",Regional Development Corp,Assessment in Progress,Not required,Available on Council portal,Not required
DA-2025-0128,https://www3.shoalhaven.nsw.gov.au/masterviewUI/modules/ApplicationMaster/default.aspx?number=DA-2025-0128,Retail shop fitout,2025-09-09,Referred,Residential,"91 Hill Street, SANCTUARY POINT NSW 2540",Sustainable Living Pty Ltd,Assessment in Progress,Not required,Available on Council portal,Not required
DA-2025-0129,https://www3.shoalhaven.nsw.gov.au/masterviewUI/modules/ApplicationMaster/default.aspx?number=DA-2025-0129,Multi-unit housing development,2025-09-10,Under Assessment,Commercial,"15 Creek Lane, WORRIGEE NSW 2540",Heritage Restoration Co,Assessment in Progress,Not required,Available on Council portal,Not required
DA-2025-0130,https://www3.shoalhaven.nsw.gov.au/masterviewUI/modules/ApplicationMaster/default.aspx?number=DA-2025-0130,Residential dwelling - New construction,2025-09-11,Pending,Residential,"12 Ocean View Road, ULLADULLA NSW 2539",John Smith & Associates,Assessment in Progress,Not required,Available on Council portal,Not required
DA-2025-0131,https://www3.shoalhaven.nsw.gov.au/masterviewUI/modules/ApplicationMaster/default.aspx?number=DA-2025-0131,Swimming pool and deck installation,2025-09-12,Referred,Commercial,"45 Bushland Avenue, NOWRA NSW 2541",Sarah Johnson Building Co,Assessment in Progress,Not required,Available on Council portal,Not required
DA-2025-0132,https://www3.shoalhaven.nsw.gov.au/masterviewUI/modules/ApplicationMaster/default.aspx?number=DA-2025-0132,Garage and carport development,2025-09-13,Under Assessment,Residential,"78 River Street, SUSSEX INLET NSW 2540",Green Earth Developments,Assessment in Progress,Not required,Available on Council portal,Not required
DA-2025-0133,https://www3.shoalhaven.nsw.gov.au/masterviewUI/modules/ApplicationMaster/default.aspx?number=DA-2025-0133,Commercial building alterations,2025-09-14,Pending,Commercial,"23 Beach Road, CULBURRA BEACH NSW 2540",Coastal Property Group,Assessment in Progress,Not required,Available on Council portal,Not required
DA-2025-0134,https://www3.shoalhaven.nsw.gov.au/masterviewUI/modules/ApplicationMaster/default.aspx?number=DA-2025-0134,Dual occupancy development,2025-09-15,Referred,Residential,"56 Mountain Way, BERRY NSW 2535",Mountain View Constructions,Assessment in Progress,Not required,Available on Council portal,Not required
DA-2025-0135,https://www3.shoalhaven.nsw.gov.au/masterviewUI/modules/ApplicationMaster/default.aspx?number=DA-2025-0135,Demolition of existing structures,2025-09-16,Under Assessment,Commercial,"89 Bay Parade, HUSKISSON NSW 2540",Bay Area Builders,Assessment in Progress,Not required,Available on Council portal,Not required
DA-2025-0136,https://www3.shoalhaven.nsw.gov.au/masterviewUI/modules/ApplicationMaster/default.aspx?number=DA-2025-0136,Change of use to restaurant,2025-09-17,Pending,Residential,"34 Forest Drive, BOMADERRY NSW 2541",Urban Design Partners,Assessment in Progress,Not required,Available on Council portal,Not required
DA-2025-0137,https://www3.shoalhaven.nsw.gov.au/masterviewUI/modules/ApplicationMaster/default.aspx?number=DA-2025-0137,Industrial shed construction,2025-09-18,Referred,Commercial,"67 Valley Road, MILTON NSW 2538",Regional Development Corp,Assessment in Progress,Not required,Available on Council portal,Not required
DA-2025-0138,https://www3.shoalhaven.nsw.gov.au/masterviewUI/modules/ApplicationMaster/default.aspx?number=DA-2025-0138,Retail shop fitout,2025-09-19,Under Assessment,Residential,"91 Hill Street, SANCTUARY POINT NSW 2540",Sustainable Living Pty Ltd,Assessment in Progress,Not required,Available on Council portal,Not required
DA-2025-0139,https://www3.shoalhaven.nsw.gov.au/masterviewUI/modules/ApplicationMaster/default.aspx?number=DA-2025-0139,Multi-unit housing development,2025-09-20,Pending,Commercial,"15 Creek Lane, WORRIGEE NSW 2540",Heritage Restoration Co,Assessment in Progress,Not required,Available on Council portal,Not required
DA-2025-0140,https://www3.shoalhaven.nsw.gov.au/masterviewUI/modules/ApplicationMaster/default.aspx?number=DA-2025-0140,Residential dwelling - New construction,2025-09-01,Referred,Residential,"12 Ocean View Road, ULLADULLA NSW 2539",John Smith & Associates,Assessment in Progress,Not required,Available on Council portal,Not required
DA-2025-0141,https://www3.shoalhaven.nsw.gov.au/masterviewUI/modules/ApplicationMaster/default.aspx?number=DA-2025-0141,Swimming pool and deck installation,2025-09-02,Under Assessment,Commercial,"45 Bushland Avenue, NOWRA NSW 2541",Sarah Johnson Building Co,Assessment in Progress,Not required,Available on Council portal,Not required
DA-2025-0142,https://www3.shoalhaven.nsw.gov.au/masterviewUI/modules/ApplicationMaster/default.aspx?number=DA-2025-0142,Garage and carport development,2025-09-03,Pending,Residential,"78 River Street, SUSSEX INLET NSW 2540",Green Earth Developments,Assessment in Progress,Not required,Available on Council portal,Not required
DA-2025-0143,https://www3.shoalhaven.nsw.gov.au/masterviewUI/modules/ApplicationMaster/default.aspx?number=DA-2025-0143,Commercial building alterations,2025-09-04,Referred,Commercial,"23 Beach Road, CULBURRA BEACH NSW 2540",Coastal Property Group,Assessment in Progress,Not required,Available on Council portal,Not required
DA-2025-0144,https://www3.shoalhaven.nsw.gov.au/masterviewUI/modules/ApplicationMaster/default.aspx?number=DA-2025-0144,Dual occupancy development,2025-09-05,Under Assessment,Residential,"56 Mountain Way, BERRY NSW 2535",Mountain View Constructions,Assessment in Progress,Not required,Available on Council portal,Not required
DA-2025-0145,https://www3.shoalhaven.nsw.gov.au/masterviewUI/modules/ApplicationMaster/default.aspx?number=DA-2025-0145,Demolition of existing structures,2025-09-06,Pending,Commercial,"89 Bay Parade, HUSKISSON NSW 2540",Bay Area Builders,Assessment in Progress,Not required,Available on Council portal,Not required
DA-2025-0146,https://www3.shoalhaven.nsw.gov.au/masterviewUI/modules/ApplicationMaster/default.aspx?number=DA-2025-0146,Change of use to restaurant,2025-09-07,Referred,Residential,"34 Forest Drive, BOMADERRY NSW 2541",Urban Design Partners,Assessment in Progress,Not required,Available on Council portal,Not required
DA-2025-0147,https://www3.shoalhaven.nsw.gov.au/masterviewUI/modules/ApplicationMaster/default.aspx?number=DA-2025-0147,Industrial shed construction,2025-09-08,Under Assessment,Commercial,"67 Valley Road, MILTON NSW 2538",Regional Development Corp,Assessment in Progress,Not required,Available on Council portal,Not required
DA-2025-0148,https://www3.shoalhaven.nsw.gov.au/masterviewUI/modules/ApplicationMaster/default.aspx?number=DA-2025-0148,Retail shop fitout,2025-09-09,Pending,Residential,"91 Hill Street, SANCTUARY POINT NSW 2540",Sustainable Living Pty Ltd,Assessment in Progress,Not required,Available on Council portal,Not required
DA-2025-0149,https://www3.shoalhaven.nsw.gov.au/masterviewUI/modules/ApplicationMaster/default.aspx?number=DA-2025-0149,Multi-unit housing development,2025-09-10,Referred,Commercial,"15 Creek Lane, WORRIGEE NSW 2540",Heritage Restoration Co,Assessment in Progress,Not required,Available on Council portal,Not required
DA-2025-0150,https://www3.shoalhaven.nsw.gov.au/masterviewUI/modules/ApplicationMaster/default.aspx?number=DA-2025-0150,Residential dwelling - New construction,2025-09-11,Under Assessment,Residential,"12 Ocean View Road, ULLADULLA NSW 2539",John Smith & Associates,Assessment in Progress,Not required,Available on Council portal,Not required
DA-2025-0151,https://www3.shoalhaven.nsw.gov.au/masterviewUI/modules/ApplicationMaster/default.aspx?number=DA-2025-0151,Swimming pool and deck installation,2025-09-12,Pending,Commercial,"45 Bushland Avenue, NOWRA NSW 2541",Sarah Johnson Building Co,Assessment in Progress,Not required,Available on Council portal,Not required
DA-2025-0152,https://www3.shoalhaven.nsw.gov.au/masterviewUI/modules/ApplicationMaster/default.aspx?number=DA-2025-0152,Garage and carport development,2025-09-13,Referred,Residential,"78 River Street, SUSSEX INLET NSW 2540",Green Earth Developments,Assessment in Progress,Not required,Available on Council portal,Not required
DA-2025-0153,https://www3.shoalhaven.nsw.gov.au/masterviewUI/modules/ApplicationMaster/default.aspx?number=DA-2025-0153,Commercial building alterations,2025-09-14,Under Assessment,Commercial,"23 Beach Road, CULBURRA BEACH NSW 2540",Coastal Property Group,Assessment in Progress,Not required,Available on Council portal,Not required
DA-2025-0154,https://www3.shoalhaven.nsw.gov.au/masterviewUI/modules/ApplicationMaster/default.aspx?number=DA-2025-0154,Dual occupancy development,2025-09-15,Pending,Residential,"56 Mountain Way, BERRY NSW 2535",Mountain View Constructions,Assessment in Progress,Not required,Available on Council portal,Not required
DA-2025-0155,https://www3.shoalhaven.nsw.gov.au/masterviewUI/modules/ApplicationMaster/default.aspx?number=DA-2025-0155,Demolition of existing structures,2025-09-16,Referred,Commercial,"89 Bay Parade, HUSKISSON NSW 2540",Bay Area Builders,Assessment in Progress,Not required,Available on Council portal,Not required
DA-2025-0156,https://www3.shoalhaven.nsw.gov.au/masterviewUI/modules/ApplicationMaster/default.aspx?number=DA-2025-0156,Change of use to restaurant,2025-09-17,Under Assessment,Residential,"34 Forest Drive, BOMADERRY NSW 2541",Urban Design Partners,Assessment in Progress,Not required,Available on Council portal,Not required
DA-2025-0157,https://www3.shoalhaven.nsw.gov.au/masterviewUI/modules/ApplicationMaster/default.aspx?number=DA-2025-0157,Industrial shed construction,2025-09-18,Pending,Commercial,"67 Valley Road, MILTON NSW 2538",Regional Development Corp,Assessment in Progress,Not required,Available on Council portal,Not required
DA-2025-0158,https://www3.shoalhaven.nsw.gov.au/masterviewUI/modules/ApplicationMaster/default.aspx?number=DA-2025-0158,Retail shop fitout,2025-09-19,Referred,Residential,"91 Hill Street, SANCTUARY POINT NSW 2540",Sustainable Living Pty Ltd,Assessment in Progress,Not required,Available on Council portal,Not required
DA-2025-0159,https://www3.shoalhaven.nsw.gov.au/masterviewUI/modules/ApplicationMaster/default.aspx?number=DA-2025-0159,Multi-unit housing development,2025-09-20,Under Assessment,Commercial,"15 Creek Lane, WORRIGEE NSW 2540",Heritage Restoration Co,Assessment in Progress,Not required,Available on Council portal,Not required
DA-2025-0160,https://www3.shoalhaven.nsw.gov.au/masterviewUI/modules/ApplicationMaster/default.aspx?number=DA-2025-0160,Residential dwelling - New construction,2025-09-01,Pending,Residential,"12 Ocean View Road, ULLADULLA NSW 2539",John Smith & Associates,Assessment in Progress,Not required,Available on Council portal,Not required
DA-2025-0161,https://www3.shoalhaven.nsw.gov.au/masterviewUI/modules/ApplicationMaster/default.aspx?number=DA-2025-0161,Swimming pool and deck installation,2025-09-02,Referred,Commercial,"45 Bushland Avenue, NOWRA NSW 2541",Sarah Johnson Building Co,Assessment in Progress,Not required,Available on Council portal,Not required
DA-2025-0162,https://www3.shoalhaven.nsw.gov.au/masterviewUI/modules/ApplicationMaster/default.aspx?number=DA-2025-0162,Garage and carport development,2025-09-03,Under Assessment,Residential,"78 River Street, SUSSEX INLET NSW 2540",Green Earth Developments,Assessment in Progress,Not required,Available on Council portal,Not required
DA-2025-0163,https://www3.shoalhaven.nsw.gov.au/masterviewUI/modules/ApplicationMaster/default.aspx?number=DA-2025-0163,Commercial building alterations,2025-09-04,Pending,Commercial,"23 Beach Road, CULBURRA BEACH NSW 2540",Coastal Property Group,Assessment in Progress,Not required,Available on Council portal,Not required
DA-2025-0164,https://www3.shoalhaven.nsw.gov.au/masterviewUI/modules/ApplicationMaster/default.aspx?number=DA-2025-0164,Dual occupancy development,2025-09-05,Referred,Residential,"56 Mountain Way, BERRY NSW 2535",Mountain View Constructions,Assessment in Progress,Not required,Available on Council portal,Not required
DA-2025-0165,https://www3.shoalhaven.nsw.gov.au/masterviewUI/modules/ApplicationMaster/default.aspx?number=DA-2025-0165,Demolition of existing structures,2025-09-06,Under Assessment,Commercial,"89 Bay Parade, HUSKISSON NSW 2540",Bay Area Builders,Assessment in Progress,Not required,Available on Council portal,Not required
DA-2025-0166,https://www3.shoalhaven.nsw.gov.au/masterviewUI/modules/ApplicationMaster/default.aspx?number=DA-2025-0166,Change of use to restaurant,2025-09-07,Pending,Residential,"34 Forest Drive, BOMADERRY NSW 2541",Urban Design Partners,Assessment in Progress,Not required,Available on Council portal,Not required
DA-2025-0167,https://www3.shoalhaven.nsw.gov.au/masterviewUI/modules/ApplicationMaster/default.aspx?number=DA-2025-0167,Industrial shed construction,2025-09-08,Referred,Commercial,"67 Valley Road, MILTON NSW 2538",Regional Development Corp,Assessment in Progress,Not required,Available on Council portal,Not required
DA-2025-0168,https://www3.shoalhaven.nsw.gov.au/masterviewUI/modules/ApplicationMaster/default.aspx?number=DA-2025-0168,Retail shop fitout,2025-09-09,Under Assessment,Residential,"91 Hill Street, SANCTUARY POINT NSW 2540",Sustainable Living Pty Ltd,Assessment in Progress,Not required,Available on Council portal,Not required
DA-2025-0169,https://www3.shoalhaven.nsw.gov.au/masterviewUI/modules/ApplicationMaster/default.aspx?number=DA-2025-0169,Multi-unit housing development,2025-09-10,Pending,Commercial,"15 Creek Lane, WORRIGEE NSW 2540",Heritage Restoration Co,Assessment in Progress,Not required,Available on Council portal,Not required
DA-2025-0170,https://www3.shoalhaven.nsw.gov.au/masterviewUI/modules/ApplicationMaster/default.aspx?number=DA-2025-0170,Residential dwelling - New construction,2025-09-11,Referred,Residential,"12 Ocean View Road, ULLADULLA NSW 2539",John Smith & Associates,Assessment in Progress,Not required,Available on Council portal,Not required
DA-2025-0171,https://www3.shoalhaven.nsw.gov.au/masterviewUI/modules/ApplicationMaster/default.aspx?number=DA-2025-0171,Swimming pool and deck installation,2025-09-12,Under Assessment,Commercial,"45 Bushland Avenue, NOWRA NSW 2541",Sarah Johnson Building Co,Assessment in Progress,Not required,Available on Council portal,Not required
DA-2025-0172,https://www3.shoalhaven.nsw.gov.au/masterviewUI/modules/ApplicationMaster/default.aspx?number=DA-2025-0172,Garage and carport development,2025-09-13,Pending,Residential,"78 River Street, SUSSEX INLET NSW 2540",Green Earth Developments,Assessment in Progress,Not required,Available on Council portal,Not required
DA-2025-0173,https://www3.shoalhaven.nsw.gov.au/masterviewUI/modules/ApplicationMaster/default.aspx?number=DA-2025-0173,Commercial building alterations,2025-09-14,Referred,Commercial,"23 Beach Road, CULBURRA BEACH NSW 2540",Coastal Property Group,Assessment in Progress,Not required,Available on Council portal,Not required
DA-2025-0174,https://www3.shoalhaven.nsw.gov.au/masterviewUI/modules/ApplicationMaster/default.aspx?number=DA-2025-0174,Dual occupancy development,2025-09-15,Under Assessment,Residential,"56 Mountain Way, BERRY NSW 2535",Mountain View Constructions,Assessment in Progress,Not required,Available on Council portal,Not required
DA-2025-0175,https://www3.shoalhaven.nsw.gov.au/masterviewUI/modules/ApplicationMaster/default.aspx?number=DA-2025-0175,Demolition of existing structures,2025-09-16,Pending,Commercial,"89 Bay Parade, HUSKISSON NSW 2540",Bay Area Builders,Assessment in Progress,Not required,Available on Council portal,Not required
DA-2025-0176,https://www3.shoalhaven.nsw.gov.au/masterviewUI/modules/ApplicationMaster/default.aspx?number=DA-2025-0176,Change of use to restaurant,2025-09-17,Referred,Residential,"34 Forest Drive, BOMADERRY NSW 2541",Urban Design Partners,Assessment in Progress,Not required,Available on Council portal,Not required
DA-2025-0177,https://www3.shoalhaven.nsw.gov.au/masterviewUI/modules/ApplicationMaster/default.aspx?number=DA-2025-0177,Industrial shed construction,2025-09-18,Under Assessment,Commercial,"67 Valley Road, MILTON NSW 2538",Regional Development Corp,Assessment in Progress,Not required,Available on Council portal,Not required
DA-2025-0178,https://www3.shoalhaven.nsw.gov.au/masterviewUI/modules/ApplicationMaster/default.aspx?number=DA-2025-0178,Retail shop fitout,2025-09-19,Pending,Residential,"91 Hill Street, SANCTUARY POINT NSW 2540",Sustainable Living Pty Ltd,Assessment in Progress,Not required,Available on Council portal,Not required
DA-2025-0179,https://www3.shoalhaven.nsw.gov.au/masterviewUI/modules/ApplicationMaster/default.aspx?number=DA-2025-0179,Multi-unit housing development,2025-09-20,Referred,Commercial,"15 Creek Lane, WORRIGEE NSW 2540",Heritage Restoration Co,Assessment in Progress,Not required,Available on Council portal,Not required
DA-2025-0180,https://www3.shoalhaven.nsw.gov.au/masterviewUI/modules/ApplicationMaster/default.aspx?number=DA-2025-0180,Residential dwelling - New construction,2025-09-01,Under Assessment,Residential,"12 Ocean View Road, ULLADULLA NSW 2539",John Smith & Associates,Assessment in Progress,Not required,Available on Council portal,Not required
DA-2025-0181,https://www3.shoalhaven.nsw.gov.au/masterviewUI/modules/ApplicationMaster/default.aspx?number=DA-2025-0181,Swimming pool and deck installation,2025-09-02,Pending,Commercial,"45 Bushland Avenue, NOWRA NSW 2541",Sarah Johnson Building Co,Assessment in Progress,Not required,Available on Council portal,Not required
DA-2025-0182,https://www3.shoalhaven.nsw.gov.au/masterviewUI/modules/ApplicationMaster/default.aspx?number=DA-2025-0182,Garage and carport development,2025-09-03,Referred,Residential,"78 River Street, SUSSEX INLET NSW 2540",Green Earth Developments,Assessment in Progress,Not required,Available on Council portal,Not required
DA-2025-0183,https://www3.shoalhaven.nsw.gov.au/masterviewUI/modules/ApplicationMaster/default.aspx?number=DA-2025-0183,Commercial building alterations,2025-09-04,Under Assessment,Commercial,"23 Beach Road, CULBURRA BEACH NSW 2540",Coastal Property Group,Assessment in Progress,Not required,Available on Council portal,Not required
DA-2025-0184,https://www3.shoalhaven.nsw.gov.au/masterviewUI/modules/ApplicationMaster/default.aspx?number=DA-2025-0184,Dual occupancy development,2025-09-05,Pending,Residential,"56 Mountain Way, BERRY NSW 2535",Mountain View Constructions,Assessment in Progress,Not required,Available on Council portal,Not required
DA-2025-0185,https://www3.shoalhaven.nsw.gov.au/masterviewUI/modules/ApplicationMaster/default.aspx?number=DA-2025-0185,Demolition of existing structures,2025-09-06,Referred,Commercial,"89 Bay Parade, HUSKISSON NSW 2540",Bay Area Builders,Assessment in Progress,Not required,Available on Council portal,Not required
DA-2025-0186,https://www3.shoalhaven.nsw.gov.au/masterviewUI/modules/ApplicationMaster/default.aspx?number=DA-2025-0186,Change of use to restaurant,2025-09-07,Under Assessment,Residential,"34 Forest Drive, BOMADERRY NSW 2541",Urban Design Partners,Assessment in Progress,Not required,Available on Council portal,Not required
DA-2025-0187,https://www3.shoalhaven.nsw.gov.au/masterviewUI/modules/ApplicationMaster/default.aspx?number=DA-2025-0187,Industrial shed construction,2025-09-08,Pending,Commercial,"67 Valley Road, MILTON NSW 2538",Regional Development Corp,Assessment in Progress,Not required,Available on Council portal,Not required
DA-2025-0188,https://www3.shoalhaven.nsw.gov.au/masterviewUI/modules/ApplicationMaster/default.aspx?number=DA-2025-0188,Retail shop fitout,2025-09-09,Referred,Residential,"91 Hill Street, SANCTUARY POINT NSW 2540",Sustainable Living Pty Ltd,Assessment in Progress,Not required,Available on Council portal,Not required
DA-2025-0189,https://www3.shoalhaven.nsw.gov.au/masterviewUI/modules/ApplicationMaster/default.aspx?number=DA-2025-0189,Multi-unit housing development,2025-09-10,Under Assessment,Commercial,"15 Creek Lane, WORRIGEE NSW 2540",Heritage Restoration Co,Assessment in Progress,Not required,Available on Council portal,Not required
DA-2025-0190,https://www3.shoalhaven.nsw.gov.au/masterviewUI/modules/ApplicationMaster/default.aspx?number=DA-2025-0190,Residential dwelling - New construction,2025-09-11,Pending,Residential,"12 Ocean View Road, ULLADULLA NSW 2539",John Smith & Associates,Assessment in Progress,Not required,Available on Council portal,Not required
DA-2025-0191,https://www3.shoalhaven.nsw.gov.au/masterviewUI/modules/ApplicationMaster/default.aspx?number=DA-2025-0191,Swimming pool and deck installation,2025-09-12,Referred,Commercial,"45 Bushland Avenue, NOWRA NSW 2541",Sarah Johnson Building Co,Assessment in Progress,Not required,Available on Council portal,Not required
DA-2025-0192,https://www3.shoalhaven.nsw.gov.au/masterviewUI/modules/ApplicationMaster/default.aspx?number=DA-2025-0192,Garage and carport development,2025-09-13,Under Assessment,Residential,"78 River Street, SUSSEX INLET NSW 2540",Green Earth Developments,Assessment in Progress,Not required,Available on Council portal,Not required
DA-2025-0193,https://www3.shoalhaven.nsw.gov.au/masterviewUI/modules/ApplicationMaster/default.aspx?number=DA-2025-0193,Commercial building alterations,2025-09-14,Pending,Commercial,"23 Beach Road, CULBURRA BEACH NSW 2540",Coastal Property Group,Assessment in Progress,Not required,Available on Council portal,Not required
DA-2025-0194,https://www3.shoalhaven.nsw.gov.au/masterviewUI/modules/ApplicationMaster/default.aspx?number=DA-2025-0194,Dual occupancy development,2025-09-15,Referred,Residential,"56 Mountain Way, BERRY NSW 2535",Mountain View Constructions,Assessment in Progress,Not required,Available on Council portal,Not required
DA-2025-0195,https://www3.shoalhaven.nsw.gov.au/masterviewUI/modules/ApplicationMaster/default.aspx?number=DA-2025-0195,Demolition of existing structures,2025-09-16,Under Assessment,Commercial,"89 Bay Parade, HUSKISSON NSW 2540",Bay Area Builders,Assessment in Progress,Not required,Available on Council portal,Not required
DA-2025-0196,https://www3.shoalhaven.nsw.gov.au/masterviewUI/modules/ApplicationMaster/default.aspx?number=DA-2025-0196,Change of use to restaurant,2025-09-17,Pending,Residential,"34 Forest Drive, BOMADERRY NSW 2541",Urban Design Partners,Assessment in Progress,Not required,Available on Council portal,Not required
DA-2025-0197,https://www3.shoalhaven.nsw.gov.au/masterviewUI/modules/ApplicationMaster/default.aspx?number=DA-2025-0197,Industrial shed construction,2025-09-18,Referred,Commercial,"67 Valley Road, MILTON NSW 2538",Regional Development Corp,Assessment in Progress,Not required,Available on Council portal,Not required
DA-2025-0198,https://www3.shoalhaven.nsw.gov.au/masterviewUI/modules/ApplicationMaster/default.aspx?number=DA-2025-0198,Retail shop fitout,2025-09-19,Under Assessment,Residential,"91 Hill Street, SANCTUARY POINT NSW 2540",Sustainable Living Pty Ltd,Assessment in Progress,Not required,Available on Council portal,Not required
DA-2025-0199,https://www3.shoalhaven.nsw.gov.au/masterviewUI/modules/ApplicationMaster/default.aspx?number=DA-2025-0199,Multi-unit housing development,2025-09-20,Pending,Commercial,"15 Creek Lane, WORRIGEE NSW 2540",Heritage Restoration Co,Assessment in Progress,Not required,Available on Council portal,Not required
DA-2025-0200,https://www3.shoalhaven.nsw.gov.au/masterviewUI/modules/ApplicationMaster/default.aspx?number=DA-2025-0200,Residential dwelling - New construction,2025-09-01,Referred,Residential,"12 Ocean View Road, ULLADULLA NSW 2539",John Smith & Associates,Assessment in Progress,Not required,Available on Council portal,Not required
DA-2025-0201,https://www3.shoalhaven.nsw.gov.au/masterviewUI/modules/ApplicationMaster/default.aspx?number=DA-2025-0201,Swimming pool and deck installation,2025-09-02,Under Assessment,Commercial,"45 Bushland Avenue, NOWRA NSW 2541",Sarah Johnson Building Co,Assessment in Progress,Not required,Available on Council portal,Not required
DA-2025-0202,https://www3.shoalhaven.nsw.gov.au/masterviewUI/modules/ApplicationMaster/default.aspx?number=DA-2025-0202,Garage and carport development,2025-09-03,Pending,Residential,"78 River Street, SUSSEX INLET NSW 2540",Green Earth Developments,Assessment in Progress,Not required,Available on Council portal,Not required
DA-2025-0203,https://www3.shoalhaven.nsw.gov.au/masterviewUI/modules/ApplicationMaster/default.aspx?number=DA-2025-0203,Commercial building alterations,2025-09-04,Referred,Commercial,"23 Beach Road, CULBURRA BEACH NSW 2540",Coastal Property Group,Assessment in Progress,Not required,Available on Council portal,Not required
DA-2025-0204,https://www3.shoalhaven.nsw.gov.au/masterviewUI/modules/ApplicationMaster/default.aspx?number=DA-2025-0204,Dual occupancy development,2025-09-05,Under Assessment,Residential,"56 Mountain Way, BERRY NSW 2535",Mountain View Constructions,Assessment in Progress,Not required,Available on Council portal,Not required
DA-2025-0205,https://www3.shoalhaven.nsw.gov.au/masterviewUI/modules/ApplicationMaster/default.aspx?number=DA-2025-0205,Demolition of existing structures,2025-09-06,Pending,Commercial,"89 Bay Parade, HUSKISSON NSW 2540",Bay Area Builders,Assessment in Progress,Not required,Available on Council portal,Not required
DA-2025-0206,https://www3.shoalhaven.nsw.gov.au/masterviewUI/modules/ApplicationMaster/default.aspx?number=DA-2025-0206,Change of use to restaurant,2025-09-07,Referred,Residential,"34 Forest Drive, BOMADERRY NSW 2541",Urban Design Partners,Assessment in Progress,Not required,Available on Council portal,Not required
DA-2025-0207,https://www3.shoalhaven.nsw.gov.au/masterviewUI/modules/ApplicationMaster/default.aspx?number=DA-2025-0207,Industrial shed construction,2025-09-08,Under Assessment,Commercial,"67 Valley Road, MILTON NSW 2538",Regional Development Corp,Assessment in Progress,Not required,Available on Council portal,Not required
DA-2025-0208,https://www3.shoalhaven.nsw.gov.au/masterviewUI/modules/ApplicationMaster/default.aspx?number=DA-2025-0208,Retail shop fitout,2025-09-09,Pending,Residential,"91 Hill Street, SANCTUARY POINT NSW 2540",Sustainable Living Pty Ltd,Assessment in Progress,Not required,Available on Council portal,Not required
DA-2025-0209,https://www3.shoalhaven.nsw.gov.au/masterviewUI/modules/ApplicationMaster/default.aspx?number=DA-2025-0209,Multi-unit housing development,2025-09-10,Referred,Commercial,"15 Creek Lane, WORRIGEE NSW 2540",Heritage Restoration Co,Assessment in Progress,Not required,Available on Council portal,Not required
DA-2025-0210,https://www3.shoalhaven.nsw.gov.au/masterviewUI/modules/ApplicationMaster/default.aspx?number=DA-2025-0210,Residential dwelling - New construction,2025-09-11,Under Assessment,Residential,"12 Ocean View Road, ULLADULLA NSW 2539",John Smith & Associates,Assessment in Progress,Not required,Available on Council portal,Not required
DA-2025-0211,https://www3.shoalhaven.nsw.gov.au/masterviewUI/modules/ApplicationMaster/default.aspx?number=DA-2025-0211,Swimming pool and deck installation,2025-09-12,Pending,Commercial,"45 Bushland Avenue, NOWRA NSW 2541",Sarah Johnson Building Co,Assessment in Progress,Not required,Available on Council portal,Not required
DA-2025-0212,https://www3.shoalhaven.nsw.gov.au/masterviewUI/modules/ApplicationMaster/default.aspx?number=DA-2025-0212,Garage and carport development,2025-09-13,Referred,Residential,"78 River Street, SUSSEX INLET NSW 2540",Green Earth Developments,Assessment in Progress,Not required,Available on Council portal,Not required
DA-2025-0213,https://www3.shoalhaven.nsw.gov.au/masterviewUI/modules/ApplicationMaster/default.aspx?number=DA-2025-0213,Commercial building alterations,2025-09-14,Under Assessment,Commercial,"23 Beach Road, CULBURRA BEACH NSW 2540",Coastal Property Group,Assessment in Progress,Not required,Available on Council portal,Not required
DA-2025-0214,https://www3.shoalhaven.nsw.gov.au/masterviewUI/modules/ApplicationMaster/default.aspx?number=DA-2025-0214,Dual occupancy development,2025-09-15,Pending,Residential,"56 Mountain Way, BERRY NSW 2535",Mountain View Constructions,Assessment in Progress,Not required,Available on Council portal,Not required
DA-2025-0215,https://www3.shoalhaven.nsw.gov.au/masterviewUI/modules/ApplicationMaster/default.aspx?number=DA-2025-0215,Demolition of existing structures,2025-09-16,Referred,Commercial,"89 Bay Parade, HUSKISSON NSW 2540",Bay Area Builders,Assessment in Progress,Not required,Available on Council portal,Not required
